{
    "action": {
        "min": [
            -97.51734161376953,
            -98.76695251464844,
            -33.33333206176758,
            -98.97915649414062,
            -99.73698425292969,
            0.6813020706176758
        ],
        "max": [
            -88.38992309570312,
            -86.4365005493164,
            99.91051483154297,
            -32.7945556640625,
            -99.3687515258789,
            0.6813020706176758
        ],
        "mean": [
            -94.35400390625,
            -94.00782012939453,
            28.222061157226562,
            -64.7708511352539,
            -99.5348129272461,
            0.6813027262687683
        ],
        "std": [
            2.5776989459991455,
            5.338630676269531,
            53.87580490112305,
            28.3809871673584,
            0.17951758205890656,
            0.0
        ],
        "count": [
            152
        ],
        "q01": [
            -97.51734161376953,
            -98.60290557861327,
            -33.33333206176758,
            -98.89896969265408,
            -99.73698425292969,
            0.6813020706176758
        ],
        "q10": [
            -97.0788589477539,
            -98.52048121861048,
            -32.628985008826625,
            -98.81342926025391,
            -99.68436150801809,
            0.6813020706176758
        ],
        "q50": [
            -95.61721462673611,
            -98.0282211303711,
            17.246036529541016,
            -57.878517150878906,
            -99.52654471048494,
            0.6813020706176758
        ],
        "q90": [
            -89.04563751220704,
            -86.76481679280599,
            99.82609204744038,
            -33.47601991541245,
            -99.36879612849309,
            0.6813020706176758
        ],
        "q99": [
            -88.39020025634765,
            -86.43774912516277,
            99.90714116414388,
            -32.8046157836914,
            -99.36875598614033,
            0.6813020706176758
        ]
    },
    "observation.state": {
        "min": [
            -97.04291534423828,
            -100.0,
            -33.00580596923828,
            -98.87005615234375,
            -99.46276092529297,
            1.0013351440429688
        ],
        "max": [
            -88.38803100585938,
            -88.47664642333984,
            99.10674285888672,
            -32.98565673828125,
            -99.16971588134766,
            1.068090796470642
        ],
        "mean": [
            -94.15036010742188,
            -95.3805923461914,
            25.034652709960938,
            -63.8721809387207,
            -99.43134307861328,
            1.0092415809631348
        ],
        "std": [
            2.507995128631592,
            4.694578170776367,
            51.6856575012207,
            27.517648696899414,
            0.0,
            0.021481599658727646
        ],
        "count": [
            152
        ],
        "q01": [
            -97.04291534423828,
            -100.0,
            -33.00580596923828,
            -98.87005615234375,
            -99.46276092529297,
            1.0013351440429688
        ],
        "q10": [
            -96.97183125813802,
            -99.21577968597413,
            -33.00580596923828,
            -98.61589118109809,
            -99.46276092529297,
            1.0013351440429688
        ],
        "q50": [
            -95.74295043945312,
            -98.77784863640281,
            15.690879821777344,
            -58.17985153198242,
            -99.46276092529297,
            1.0013351440429688
        ],
        "q90": [
            -89.90124816894532,
            -88.47777616439328,
            99.01338653564453,
            -33.07455820719401,
            -99.21858187588778,
            1.068079521920946
        ],
        "q99": [
            -88.3893472290039,
            -88.47675939744519,
            99.10339528401693,
            -32.990663604736326,
            -99.16972913469587,
            1.0680896690156725
        ]
    },
    "observation.images.front": {
        "min": [
            [
                [
                    0.0
                ]
            ],
            [
                [
                    0.0
                ]
            ],
            [
                [
                    0.0
                ]
            ]
        ],
        "max": [
            [
                [
                    0.06666666666666667
                ]
            ],
            [
                [
                    0.01568627450980392
                ]
            ],
            [
                [
                    0.023529411764705882
                ]
            ]
        ],
        "mean": [
            [
                [
                    1.823937908496732e-06
                ]
            ],
            [
                [
                    6.086601307189543e-07
                ]
            ],
            [
                [
                    2.5531045751633984e-07
                ]
            ]
        ],
        "std": [
            [
                [
                    0.00016401643022979708
                ]
            ],
            [
                [
                    5.5311392615983974e-05
                ]
            ],
            [
                [
                    5.347346950360795e-05
                ]
            ]
        ],
        "count": [
            100
        ],
        "q01": [
            [
                [
                    -3.9215686274509807e-13
                ]
            ],
            [
                [
                    -3.9215686274509807e-13
                ]
            ],
            [
                [
                    -3.9215686274509807e-13
                ]
            ]
        ],
        "q10": [
            [
                [
                    -3.9215686274509807e-13
                ]
            ],
            [
                [
                    -3.9215686274509807e-13
                ]
            ],
            [
                [
                    -3.9215686274509807e-13
                ]
            ]
        ],
        "q50": [
            [
                [
                    -3.9215686274509807e-13
                ]
            ],
            [
                [
                    -3.9215686274509807e-13
                ]
            ],
            [
                [
                    -3.9215686274509807e-13
                ]
            ]
        ],
        "q90": [
            [
                [
                    -3.9215686274509807e-13
                ]
            ],
            [
                [
                    -3.9215686274509807e-13
                ]
            ],
            [
                [
                    -3.9215686274509807e-13
                ]
            ]
        ],
        "q99": [
            [
                [
                    -3.9215686274509807e-13
                ]
            ],
            [
                [
                    -3.9215686274509807e-13
                ]
            ],
            [
                [
                    -3.9215686274509807e-13
                ]
            ]
        ]
    },
    "timestamp": {
        "min": [
            0.0
        ],
        "max": [
            5.033333333333333
        ],
        "mean": [
            2.5166666666666666
        ],
        "std": [
            1.462589028629255
        ],
        "count": [
            152
        ],
        "q01": [
            0.03374346656800747
        ],
        "q10": [
            0.499507999919848
        ],
        "q50": [
            2.50055999999936
        ],
        "q90": [
            4.5338253334134855
        ],
        "q99": [
            4.999589866765326
        ]
    },
    "frame_index": {
        "min": [
            0
        ],
        "max": [
            151
        ],
        "mean": [
            75.5
        ],